startHub,endHub,road_geometry
laPorte,leagueCity,"LINESTRING (-95.01933 29.665777, -95.02976400000001 29.665283999999996, -95.02987 29.63690399999999, -95.034418 29.623294000000005, -95.032 29.603328999999984, -95.02918 29.593144, -95.029312 29.584245999999993, -95.026146 29.563416000000014, -95.02209400000001 29.544913000000008, -95.018291 29.538070000000015, -95.027473 29.53146599999997, -95.043935 29.527067000000002, -95.07641 29.523007000000014, -95.094971 29.507552000000025)"
orange,beaumont,"LINESTRING (-93.903742 30.12259999999999, -93.904741 30.121212000000007, -93.90785 30.120614999999997, -93.907351 30.105180000000015, -93.903531 30.104622, -93.883278 30.113801000000013, -93.880549 30.11704099999999, -93.882794 30.130226999999977, -93.907284 30.130971000000006, -93.969028 30.129390000000015, -94.001166 30.135582999999972, -94.00702 30.135535, -94.018948 30.129874, -94.066295 30.098399000000004, -94.074782 30.095529000000003, -94.100431 30.094516000000013, -94.101721 30.092829999999992, -94.101849 30.08615000000001)"
pearland,sugarLand,"LINESTRING (-95.286387 29.563976000000014, -95.286325 29.600604000000008, -95.345516 29.600249, -95.358384 29.598247999999998, -95.454564 29.596696999999995, -95.46049 29.598284000000017, -95.509975 29.621280999999993, -95.517741 29.626768000000002, -95.549409 29.61541700000001, -95.557975 29.616349, -95.581167 29.626914999999993, -95.588265 29.628624000000013, -95.634985 29.619829000000006)"
abilene,dallas,"LINESTRING (-99.747886 32.446452, -99.2143 32.37015400000001, -98.834201 32.375488, -98.621867 32.47563300000001, -98.372783 32.513228999999995, -98.228545 32.56851700000001, -98.17028000000002 32.573183, -97.997589 32.687757000000026, -97.885123 32.726199000000015, -97.798233 32.727156999999984, -97.70003 32.75505299999999, -97.524273 32.720491999999986, -97.240176 32.760469, -96.796749 32.77594500000001)"
laPorte,deerPark,"LINESTRING (-95.01933 29.665777, -95.028802 29.665367999999987, -95.030024 29.686674, -95.031681 29.688169, -95.04058700000002 29.688584000000002, -95.114091 29.71115599999998, -95.124091 29.71171899999998, -95.123815 29.705227999999977)"
baytown,sanJacinto,"LINESTRING (-94.97759300000001 29.735551000000005, -95.021393 29.77838, -95.067294 29.795181000000014, -95.15414000000001 29.772528999999988, -95.165374 29.818584000000016, -95.202787 29.890327000000006, -95.201572 29.928146000000012, -95.293916 29.941831999999987, -95.225816 30.139103000000016, -95.111687 30.304165000000022, -95.089401 30.352276000000007, -95.116388 30.425356000000004, -95.151493 30.428628999999994, -95.185225 30.46437600000001, -95.19257100000002 30.509218000000004)"
chocolateBay,sanAntonio,"LINESTRING (-96.621653 28.584268999999978, -96.645065 28.610178000000012, -96.712583 28.616982000000014, -97.000441 28.799221, -97.013588 28.84608500000001, -97.137462 28.963467999999995, -97.177126 29.035352, -97.222477 29.068113000000004, -97.290037 29.093815000000014, -97.294993 29.084181000000008, -97.332668 29.090770000000006, -97.354805 29.083254000000007, -97.44555200000002 29.152215000000005, -97.465925 29.19423700000002, -97.509393 29.202649000000008, -97.568003 29.252517999999988, -97.722354 29.277005000000024, -97.960549 29.226678000000007, -98.029569 29.247535000000006, -98.074192 29.290868000000014, -98.112963 29.35421900000001, -98.20401299999999 29.35806400000001, -98.404169 29.398259000000003, -98.405545 29.424018999999998, -98.495383 29.42453)"
orange,montBelvieu,"LINESTRING (-93.903742 30.12259999999999, -93.90785 30.120614999999997, -93.907351 30.105180000000015, -93.880549 30.11704099999999, -93.882794 30.130226999999977, -93.969028 30.129390000000015, -94.00565500000002 30.13574099999998, -94.07162800000002 30.09639699999999, -94.134137 30.095271999999998, -94.137522 30.057464000000003, -94.24667 29.949709999999993, -94.39171 29.827999000000002, -94.440329 29.827144000000008, -94.680179 29.840749, -94.75642000000002 29.838749999999994, -94.803409 29.830433000000017, -94.820686 29.865682, -94.841961 29.868032999999976, -94.890783 29.847937999999996)"
baytown,texasCity,"LINESTRING (-94.97759300000001 29.735551000000005, -94.979524 29.720211000000003, -94.992116 29.723902999999996, -95.000666 29.714121, -95.013978 29.70607800000001, -95.030215 29.690736999999974, -95.02987 29.63690399999999, -95.034413 29.622824000000005, -95.024779 29.555054, -95.022032 29.54410000000001, -94.970438 29.455818999999995, -94.958775 29.41138200000001, -94.952321 29.40146600000001, -94.95159 29.39525900000001, -94.917387 29.39322700000001, -94.91739 29.390298999999985)"
collegeStation,austin,"LINESTRING (-96.30714 30.595494999999985, -96.344739 30.58684899999997, -96.36318 30.602675999999995, -96.387636 30.59314800000001, -96.468601 30.650114000000002, -96.540214 30.636089999999992, -96.552486 30.613914000000015, -96.65844 30.571231000000008, -96.722209 30.519657999999982, -96.795326 30.444098999999994, -96.826337 30.397040000000004, -96.947431 30.309159999999977, -96.963256 30.273726000000014, -96.99323 30.241843000000017, -97.014456 30.233918000000006, -97.066643 30.232672000000015, -97.146088 30.21432899999999, -97.221377 30.246649999999992, -97.257937 30.294050000000027, -97.286477 30.298329000000006, -97.390116 30.352121999999987, -97.559248 30.34876500000001, -97.62047 30.331314000000013, -97.705512 30.322556000000002, -97.734343 30.267744999999994, -97.743783 30.27090799999999)"
chocolateBay,texasCity,"LINESTRING (-96.621653 28.584268999999978, -96.63145599999999 28.606554000000006, -96.621552 28.632467000000005, -96.579427 28.664041999999988, -96.44014 28.731337999999987, -96.392446 28.739689000000006, -96.366402 28.726858999999997, -96.252222 28.868349000000016, -96.209244 28.870884999999994, -96.147296 28.896980999999993, -96.014195 28.983999999999988, -95.93995400000001 28.983066999999973, -95.839153 29.063413999999995, -95.691344 29.09747700000001, -95.647997 29.144587999999988, -95.558985 29.142230999999992, -95.423175 29.16493899999997, -95.291553 29.324467000000013, -95.227038 29.423088999999997, -95.112189 29.380597000000012, -95.105551 29.390627000000002, -95.04782800000001 29.392456000000006, -95.031586 29.404066999999998, -94.91739 29.390298999999985)"
montBelvieu,beaumont,"LINESTRING (-94.890783 29.847937999999996, -94.841961 29.868032999999976, -94.820686 29.865682, -94.803147 29.82981900000001, -94.756377 29.83857800000001, -94.680162 29.84058399999999, -94.44031 29.826977000000003, -94.391734 29.827838999999994, -94.246441 29.949622999999992, -94.13746 30.057207999999992, -94.133988 30.067969, -94.110619 30.068621999999998, -94.096136 30.079645000000014, -94.101849 30.08615000000001)"
texarkana,fortWorth,"LINESTRING (-94.077288 33.446834999999986, -94.26712400000001 33.476600999999995, -94.444714 33.47596199999999, -94.52475 33.44033699999999, -94.713201 33.299201999999994, -94.785991 33.28742899999999, -94.916209 33.19993600000001, -95.03651 33.158505999999974, -95.390597 33.16626699999997, -95.561362 33.144774000000005, -95.595235 33.116429, -96.072877 33.13579, -96.257695 32.98839399999999, -96.330294 32.970158999999974, -96.677811 32.79939000000002, -96.845799 32.764036999999995, -97.332623 32.752995999999996)"
texarkana,centerville,"LINESTRING (-94.077288 33.446834999999986, -94.150725 33.335279000000014, -94.151162 33.15614000000001, -94.184077 33.11123000000001, -94.55405500000002 32.89376000000001, -94.870447 32.811695000000014, -94.94548699999999 32.712101000000004, -95.151058 32.55703000000001, -95.187046 32.451291999999995, -95.269268 32.396219, -95.267034 32.314512000000015, -95.33614700000001 32.30619300000001, -95.47942 32.13977100000001, -95.547366 31.898312000000004, -95.623124 31.78143100000002, -95.65600800000001 31.771443000000016, -95.654697 31.745364, -95.763845 31.654687999999997, -95.80641800000001 31.64326700000001, -95.846569 31.586298, -96.076925 31.450075000000012, -96.02188500000001 31.379725999999998, -95.97871 31.257822999999995)"
lubbock,amarillo,"LINESTRING (-101.879121 33.56352399999999, -101.855367 33.563323, -101.835414 33.62839499999998, -101.85338900000002 34.04647700000002, -101.749942 34.12942100000001, -101.74938600000002 34.19680300000001, -101.708384 34.237081, -101.776408 34.383464000000004, -101.793432 34.57990399999998, -101.847196 34.72132899999998, -101.848739 34.943046999999986, -101.918662 35.02407699999999, -101.908786 35.11801299999997, -101.841333 35.178277, -101.833821 35.20723400000001)"
fortWorth,wichitaFalls,"LINESTRING (-97.332623 32.752995999999996, -97.318272 32.76710399999998, -97.31774 32.887394, -97.419683 32.96964500000001, -97.443298 33.023579000000005, -97.47831400000001 33.05142199999999, -97.471384 33.10128900000003, -97.500301 33.14479699999998, -97.586737 33.21704699999998, -97.680134 33.34363599999999, -97.70281600000001 33.35395799999999, -97.710249 33.379070000000006, -97.773669 33.449578, -97.828337 33.53199800000001, -97.90557 33.58429800000001, -98.03997000000001 33.64912200000003, -98.087788 33.69645499999997, -98.131168 33.76760600000001, -98.214947 33.80711500000003, -98.2225 33.820032000000005, -98.343341 33.86783899999999, -98.47784500000002 33.88639999999999, -98.501791 33.90045600000001)"
laPorte,texasCity,"LINESTRING (-95.01933 29.665777, -95.02976400000001 29.665283999999996, -95.02987 29.63690399999999, -95.03442 29.623813999999996, -95.022704 29.545574, -94.975731 29.467116000000015, -94.95159 29.39525900000001, -94.917387 29.39322700000001, -94.91739 29.390298999999985)"
abilene,fortWorth,"LINESTRING (-99.747886 32.446452, -99.688378 32.446905, -99.2143 32.37015400000001, -99.144135 32.379711000000015, -98.834201 32.375488, -98.643312 32.458664999999996, -98.621867 32.47563300000001, -98.532953 32.497779, -98.372783 32.513228999999995, -98.228545 32.56851700000001, -98.17028000000002 32.573183, -98.076005 32.62802800000003, -97.997589 32.687757000000026, -97.886562 32.725876999999976, -97.798233 32.727156999999984, -97.70003 32.75505299999999, -97.571621 32.721442, -97.524273 32.720491999999986, -97.480344 32.73815800000001, -97.364609 32.732769999999995, -97.332623 32.752995999999996)"
corpusChristi,laredo,"LINESTRING (-97.403232 27.7634, -97.44027 27.786035000000005, -97.634022 27.783285000000003, -97.654411 27.785836999999997, -97.658936 27.798757000000002, -97.766255 27.811461999999995, -97.933626 27.777179, -98.021236 27.78093900000001, -98.064711 27.750917000000012, -98.088948 27.74609499999999, -98.202611 27.75599300000003, -98.402419 27.801681000000013, -98.583859 27.882502000000002, -98.638645 27.882421999999995, -98.747724 27.843599000000008, -98.79900600000002 27.794387, -98.984831 27.714652999999988, -99.160462 27.658484, -99.261651 27.59574499999999, -99.395583 27.560117, -99.433292 27.52861499999999, -99.492709 27.530579999999986, -99.496852 27.523700999999985)"
chocolateBay,corpusChristi,"LINESTRING (-96.621653 28.584268999999978, -96.647547 28.610395000000008, -96.885115 28.464256000000002, -96.952369 28.28167499999999, -96.98502400000001 28.231350000000006, -97.004368 28.143606000000016, -97.037008 28.09023500000001, -97.041183 28.061767000000003, -97.063099 28.063704000000005, -97.158536 27.924816000000003, -97.265921 27.927323000000005, -97.297574 27.913305, -97.318275 27.881781000000014, -97.38477900000001 27.832895, -97.403232 27.7634)"
sanJacinto,collegeStation,"LINESTRING (-95.19257100000002 30.509218000000004, -95.19803300000001 30.51350800000002, -95.204414 30.511037, -95.20628 30.52252199999998, -95.217979 30.525238, -95.235021 30.54266300000001, -95.238821 30.561128000000014, -95.29711000000002 30.543121999999975, -95.33283 30.524170000000005, -95.386013 30.523048000000003, -95.456085 30.535493000000017, -95.468914 30.53151699999999, -95.483592 30.537606000000014, -95.495577 30.546271, -95.501704 30.564164000000023, -95.511189 30.660941, -95.520808 30.67686399999999, -95.552371 30.693864000000005, -95.569034 30.718306000000005, -95.586347 30.717268999999995, -95.617073 30.700774, -95.703349 30.68452300000001, -95.74992 30.684148999999987, -95.833735 30.658187, -95.881276 30.627940000000038, -95.886851 30.613799000000014, -95.91678300000001 30.599538, -95.93679900000001 30.58394900000002, -96.031312 30.595613999999998, -96.088113 30.594674999999985, -96.10787 30.602072999999976, -96.136835 30.605051000000003, -96.172492 30.603530999999997, -96.203622 30.621806999999993, -96.223767 30.589366000000012, -96.257245 30.559833000000015, -96.301052 30.600843999999995, -96.30714 30.595494999999985)"
channelview,montBelvieu,"LINESTRING (-95.114654 29.776139999999998, -95.114443 29.776999999999994, -95.115965 29.777058, -95.116042 29.780793999999997, -95.10909000000001 29.784040999999984, -95.071694 29.795015999999997, -95.066994 29.794915, -95.056259 29.79052900000002, -95.051447 29.79048, -95.025976 29.799516000000004, -95.009561 29.80024900000003, -94.942094 29.811395999999984, -94.918586 29.821065, -94.899225 29.820888000000004, -94.894756 29.83697400000001, -94.895436 29.847546999999995, -94.890783 29.847937999999996)"
deerPark,pearland,"LINESTRING (-95.123815 29.705227999999977, -95.123964 29.71171599999998, -95.153786 29.712390000000028, -95.153709 29.688012999999998, -95.15627600000002 29.677663, -95.156225 29.650276999999978, -95.15856 29.642439000000007, -95.173786 29.627585, -95.191509 29.616735000000006, -95.210179 29.60324600000001, -95.21701 29.60116699999998, -95.286325 29.600604000000008, -95.286387 29.563976000000014)"
killeen,austin,"LINESTRING (-97.727792 31.11722800000001, -97.742943 31.12076, -97.765493 31.061619000000004, -97.752258 31.008912999999993, -97.786226 30.955451999999994, -97.80184 30.885198000000013, -97.757944 30.771832000000007, -97.66804 30.721711000000013, -97.653442 30.700658999999984, -97.69194100000001 30.630837000000003, -97.691971 30.533729000000008, -97.666321 30.45461, -97.671875 30.391349999999992, -97.734343 30.267744999999994, -97.743783 30.27090799999999)"
freeport,brazoria,"LINESTRING (-95.359698 28.954036, -95.373713 28.95795400000001, -95.37076000000002 28.97083600000001, -95.386073 29.000936999999993, -95.403064 29.00955700000002, -95.419234 29.010069999999985, -95.429343 29.013793999999997, -95.439987 29.030163, -95.45381900000001 29.040565, -95.455642 29.054200000000005, -95.451838 29.066207000000006, -95.451111 29.118634999999966, -95.452995 29.178949999999986, -95.450548 29.183825000000002, -95.464302 29.195712999999987, -95.470489 29.190163999999992, -95.484721 29.190482, -95.49952000000002 29.181846)"
sugarLand,theWoodlands,"LINESTRING (-95.634985 29.619829000000006, -95.603028 29.626206000000018, -95.60124600000002 29.62119800000002, -95.558584 29.660462999999993, -95.563774 29.86679800000001, -95.54891400000001 29.87872999999999, -95.555993 29.92048300000002, -95.543853 29.929415, -95.547052 29.95179600000001, -95.542266 29.956978000000003, -95.562829 29.972898000000008, -95.613419 30.050200000000014, -95.581864 30.051801999999988, -95.555587 30.076059000000015, -95.50667 30.09398100000001, -95.504534 30.143921999999996, -95.50944700000001 30.164322999999996, -95.504517 30.173647000000013)"
texasCity,leagueCity,"LINESTRING (-94.91739 29.390298999999985, -94.917387 29.39322700000001, -94.916196 29.393368999999993, -94.925843 29.393311000000022, -94.931732 29.395207000000003, -94.975389 29.39573799999999, -95.006025 29.39798999999999, -95.026724 29.403365000000008, -95.037406 29.408121999999995, -95.06927300000001 29.439493999999996, -95.080171 29.452911999999987, -95.095299 29.47197000000002, -95.113725 29.50316000000002, -95.094971 29.507552000000025)"
amarillo,wichitaFalls,"LINESTRING (-101.833821 35.20723400000001, -101.58123099999999 35.178528000000014, -101.40309 35.12727600000001, -101.220923 35.04152700000004, -101.093949 35.030179, -100.866437 34.928054, -100.653954 34.862952000000014, -100.48860500000002 34.68219399999999, -100.464673 34.599628000000024, -100.435456 34.57896600000002, -100.43770000000002 34.54044599999999, -100.256714 34.44391199999998, -99.778406 34.29366599999999, -99.471532 34.249117000000005, -99.310241 34.161275999999994, -99.140256 34.13401400000002, -98.967338 34.051276, -98.906111 34.04304599999998, -98.78730600000002 33.97404199999998, -98.525786 33.94451899999999, -98.501791 33.90045600000001)"
sanJacinto,theWoodlands,"LINESTRING (-95.19257100000002 30.509218000000004, -95.19803300000001 30.51350800000002, -95.204414 30.511037, -95.20628 30.52252199999998, -95.217979 30.525238, -95.235021 30.54266300000001, -95.238821 30.561128000000014, -95.29711000000002 30.543121999999975, -95.33283 30.524170000000005, -95.386013 30.523048000000003, -95.456085 30.535493000000017, -95.467695 30.53140400000001, -95.483592 30.537606000000014, -95.496985 30.534938999999984, -95.491096 30.519162000000005, -95.495155 30.432658999999994, -95.487217 30.404045000000007, -95.483689 30.348184999999987, -95.456997 30.27710400000002, -95.456647 30.207952999999996, -95.482156 30.204285999999993, -95.482198 30.190002, -95.504517 30.173647000000013)"
odessa,elPaso,"LINESTRING (-102.367677 31.845700000000004, -102.87694200000001 31.579295999999992, -103.327759 31.475238, -103.398096 31.419713999999992, -103.49842000000001 31.39589000000001, -103.556289 31.406481000000003, -103.741816 31.339833000000024, -103.854305 31.269381000000017, -104.070459 31.083911000000008, -104.159029 31.060793999999998, -104.41374499999999 31.073787000000006, -104.84556 31.03579699999999, -104.902165 31.039231000000008, -105.48418800000002 31.21768799999997, -105.531173 31.19327, -105.710042 31.178400000000003, -105.92402200000001 31.38126700000002, -106.12071600000002 31.506909999999994, -106.32421 31.739333999999992, -106.400639 31.782184999999995, -106.446515 31.76792900000002, -106.441113 31.786562000000014)"
wichitaFalls,dallas,"LINESTRING (-98.501791 33.90045600000001, -98.478704 33.884612999999995, -98.43365 33.88523300000002, -98.343873 33.867799, -98.222845 33.81996700000002, -98.21526200000001 33.80692299999998, -98.13051600000001 33.76620799999999, -98.087911 33.696259, -98.040236 33.64904699999999, -97.904732 33.583169000000005, -97.829615 33.53277399999999, -97.774596 33.450294, -97.70997 33.37744800000001, -97.703401 33.354179999999985, -97.68014 33.343218, -97.586769 33.21668099999999, -97.50023000000002 33.144281, -97.471777 33.101881000000006, -97.475646 33.04796099999999, -97.438594 33.036836000000015, -97.325547 33.034995999999985, -97.224189 33.013524, -97.21585800000001 33.000157000000016, -97.171787 32.98616700000002, -97.15468800000001 32.96286099999997, -97.102851 32.94101599999998, -97.0871 32.92424600000001, -97.032746 32.929631999999984, -96.9509 32.883603, -96.902947 32.836000999999975, -96.821418 32.799894000000016, -96.796749 32.77594500000001)"
freeport,leagueCity,"LINESTRING (-95.359698 28.954036, -95.328408 28.996388999999986, -95.327564 29.028536999999993, -95.35902100000001 29.066294999999997, -95.372066 29.109888000000012, -95.391634 29.13293399999999, -95.395329 29.16840999999999, -95.387824 29.180057999999992, -95.387808 29.195109000000002, -95.394539 29.203426000000015, -95.291553 29.324467000000013, -95.248195 29.396229999999996, -95.233666 29.406812000000013, -95.226704 29.430475000000015, -95.238388 29.448039000000012, -95.208678 29.493328999999985, -95.188461 29.509217999999997, -95.177498 29.494626999999998, -95.157938 29.489051000000003, -95.094971 29.507552000000025)"
orange,portArthur,"LINESTRING (-93.903742 30.12259999999999, -93.90785 30.120614999999997, -93.907918 30.116494999999993, -93.907351 30.105180000000015, -93.903551 30.105051000000014, -93.905346 30.09852899999999, -93.902787 30.051645999999984, -93.888805 30.03957899999999, -93.869527 30.039482000000007, -93.84597 30.033823000000005, -93.845768 30.021386, -93.86728100000002 29.99952399999998, -93.876798 29.958257999999994, -93.928811 29.89881999999999)"
collegeStation,houston,"LINESTRING (-96.30714 30.595494999999985, -96.292787 30.59387799999999, -96.102192 30.41400399999999, -96.074742 30.40165500000001, -96.067871 30.37622700000001, -96.0246 30.369485000000033, -95.995289 30.35314400000001, -95.965235 30.355318999999984, -95.927175 30.308679999999995, -95.824685 30.293994999999995, -95.779799 30.250812999999983, -95.743302 30.246873999999977, -95.73598400000002 30.22984900000003, -95.679212 30.180034000000006, -95.629289 30.072458999999984, -95.561211 29.970518000000006, -95.46252 29.898242, -95.429342 29.897978, -95.410127 29.873442000000008, -95.37405400000002 29.810058000000016, -95.36786300000001 29.758731)"
midland,elPaso,"LINESTRING (-102.07795 31.997433999999988, -102.074579 31.97302300000003, -102.343346 31.83132, -102.42546300000001 31.816988000000006, -102.609605 31.731053999999986, -102.876536 31.57945699999999, -103.327759 31.475238, -103.398096 31.419713999999992, -103.49842000000001 31.39589000000001, -103.556289 31.406481000000003, -103.741816 31.339833000000024, -103.854305 31.269381000000017, -104.054563 31.092201999999997, -104.159029 31.060793999999998, -104.41374499999999 31.073787000000006, -104.887181 31.036941000000006, -105.48418800000002 31.21768799999997, -105.531173 31.19327, -105.708852 31.177917000000015, -105.92402200000001 31.38126700000002, -106.12071600000002 31.506909999999994, -106.32421 31.739333999999992, -106.400639 31.782184999999995, -106.446515 31.76792900000002, -106.441113 31.786562000000014)"
theWoodlands,houston,"LINESTRING (-95.504517 30.173647000000013, -95.503566 30.164579000000003, -95.486886 30.155214000000008, -95.44926 30.15436700000001, -95.43589 30.10808600000001, -95.437229 30.08113300000001, -95.427856 30.009828000000002, -95.412187 29.934309999999982, -95.411901 29.876857, -95.37405400000002 29.810058000000016, -95.365773 29.769759, -95.372114 29.76194, -95.36786300000001 29.758731)"
centerville,collegeStation,"LINESTRING (-95.97871 31.257822999999995, -95.98926000000002 31.25823200000001, -95.996925 31.210488000000012, -95.976068 31.123495999999992, -95.94341 31.04177800000002, -95.883906 30.965196000000013, -95.979911 30.91339399999999, -96.07269800000002 30.922623000000012, -96.08341 30.91757799999998, -96.098944 30.91873999999999, -96.170104 30.888829999999984, -96.20419 30.859334000000008, -96.223372 30.82410000000001, -96.263874 30.782857, -96.321895 30.737340000000014, -96.359786 30.695934999999995, -96.327211 30.662805999999996, -96.293691 30.615810000000014, -96.29075700000001 30.60359700000002, -96.297257 30.604020000000016, -96.30714 30.595494999999985)"
tyler,dallas,"LINESTRING (-95.300641 32.35126300000002, -95.301288 32.35963999999999, -95.331912 32.370546999999995, -95.333199 32.386825, -95.387661 32.46888800000002, -95.460475 32.470536, -95.68708 32.51478199999999, -95.902654 32.59769900000002, -96.271644 32.700192999999985, -96.358899 32.739709000000005, -96.447103 32.742281999999996, -96.493718 32.77285100000001, -96.676544 32.799724999999995, -96.759976 32.790787, -96.796749 32.77594500000001)"
laPorte,sanJacinto,"LINESTRING (-95.01933 29.665777, -95.028802 29.665367999999987, -95.031681 29.688169, -95.152884 29.71255799999999, -95.146206 29.76038500000002, -95.20251299999998 29.889436000000014, -95.200868 29.927184, -95.293959 29.94201900000001, -95.225816 30.139103000000016, -95.111687 30.304165000000022, -95.089401 30.352276000000007, -95.116388 30.425356000000004, -95.151493 30.428628999999994, -95.185225 30.46437600000001, -95.19257100000002 30.509218000000004)"
abilene,sanAngelo,"LINESTRING (-99.747886 32.446452, -99.748103 32.43216299999999, -99.78203000000002 32.430775, -99.89039100000001 32.338912999999984, -99.922729 32.28573600000002, -100.04805 32.22053499999999, -100.086708 32.18166000000002, -100.126983 32.097184, -100.20827 32.07057199999999, -100.278543 32.013168, -100.277107 31.938759000000022, -100.292538 31.881456999999987, -100.285593 31.738744999999984, -100.368484 31.575791000000013, -100.371561 31.500656, -100.38844100000001 31.479564, -100.42981 31.475402999999993, -100.440481 31.46492500000002)"
odessa,sanAngelo,"LINESTRING (-102.367677 31.845700000000004, -102.35519500000001 31.827763, -102.344116 31.830761, -102.304 31.86518999999999, -102.120753 31.96032100000001, -102.03744 31.982312999999994, -101.62028400000001 31.863909000000007, -101.473314 31.86542100000001, -101.376729 31.84760799999999, -101.306039 31.807080000000006, -101.267785 31.801197000000002, -101.220018 31.804913, -101.150802 31.848784999999996, -101.108077 31.857354000000022, -101.039982 31.855608000000014, -101.01781400000002 31.840599000000026, -100.966455 31.834756999999996, -100.924645 31.796411000000003, -100.84169 31.763440999999997, -100.761521 31.684399999999997, -100.714134 31.667897999999987, -100.625439 31.59391299999999, -100.56858700000001 31.566566000000005, -100.501371 31.548145, -100.477967 31.49801100000001, -100.440481 31.46492500000002)"
deerPark,pasadena,"LINESTRING (-95.123815 29.705227999999977, -95.123964 29.71171599999998, -95.130125 29.71184100000001, -95.133591 29.71149600000003, -95.137694 29.711518, -95.190216 29.713066, -95.195325 29.712933999999994, -95.211641 29.711313999999994, -95.211397 29.69140600000001, -95.211269 29.690797999999987, -95.20924800000002 29.690811999999983, -95.209285 29.691066999999993)"
freeport,texasCity,"LINESTRING (-95.359698 28.954036, -95.328151 28.997273000000003, -95.327637 29.028908000000015, -95.341816 29.048307000000005, -95.242562 29.128163, -95.259686 29.142077999999998, -95.252425 29.17470999999999, -95.105921 29.309423999999996, -95.06112799999998 29.321274000000003, -95.030534 29.352697000000017, -95.016174 29.348379, -95.00929 29.357180999999997, -94.945868 29.358385000000002, -94.950636 29.395272999999996, -94.91739 29.390298999999985)"
sanAntonio,killeen,"LINESTRING (-98.495383 29.42453, -98.414418 29.454692000000005, -98.38673 29.535438999999993, -98.095156 29.698795000000022, -97.92117200000001 29.883271000000008, -97.73518700000001 30.243797000000008, -97.671539 30.391671000000002, -97.691707 30.630718999999996, -97.650524 30.701185000000017, -97.75719500000001 30.771367999999995, -97.801552 30.885532999999985, -97.751937 31.008560999999997, -97.76536 31.060817, -97.743136 31.12031500000003, -97.727792 31.11722800000001)"
fortWorth,killeen,"LINESTRING (-97.332623 32.752995999999996, -97.318698 32.55124600000002, -97.208734 32.389027000000006, -97.093524 32.05583399999998, -97.119466 31.967473000000016, -97.081434 31.877401000000006, -97.102822 31.792003, -97.095941 31.627127999999995, -97.226595 31.330232, -97.362613 31.099250000000005, -97.468794 31.046421999999996, -97.554945 31.055651, -97.727792 31.11722800000001)"
texarkana,tyler,"LINESTRING (-94.077288 33.446834999999986, -94.08034 33.436179000000024, -94.097287 33.431599, -94.098741 33.394523, -94.150725 33.335279000000014, -94.151162 33.15614000000001, -94.184077 33.11123000000001, -94.22492400000002 33.097290999999984, -94.362897 33.001351, -94.435099 32.97609499999997, -94.55405500000002 32.89376000000001, -94.642242 32.87343500000001, -94.708957 32.847066000000005, -94.870788 32.81148699999998, -94.88588000000001 32.78702199999998, -94.928015 32.75590699999998, -94.94548699999999 32.712101000000004, -95.150663 32.557467999999986, -95.187046 32.451291999999995, -95.207264 32.424458000000016, -95.27111200000002 32.39472700000001, -95.300641 32.35126300000002)"
theWoodlands,centerville,"LINESTRING (-95.504517 30.173647000000013, -95.482052 30.18992099999999, -95.481911 30.204182999999986, -95.45578 30.207294999999995, -95.456553 30.275840000000006, -95.483783 30.350973000000007, -95.495197 30.436335000000007, -95.490915 30.519439, -95.511189 30.660941, -95.582898 30.732406999999984, -95.676492 30.794043999999978, -95.78944099999998 30.909072, -95.875378 30.95862799999999, -95.90018000000002 30.983689999999992, -95.943806 31.043036000000022, -95.975773 31.12320500000002, -95.996705 31.211565999999983, -95.987848 31.256020999999983, -95.97871 31.257822999999995)"
vanHorn,elPaso,"LINESTRING (-104.83158700000001 31.042975000000006, -104.843845 31.035858000000005, -104.901968 31.039177, -105.052632 31.089421999999992, -105.452338 31.19862799999999, -105.484387 31.217720000000003, -105.531173 31.19327, -105.591483 31.197152000000003, -105.6582 31.17132300000001, -105.710042 31.178400000000003, -105.785369 31.235687000000016, -105.79908 31.277660000000022, -105.878932 31.329666000000014, -105.92402200000001 31.38126700000002, -106.12071600000002 31.506909999999994, -106.244973 31.666458000000006, -106.32421 31.739333999999992, -106.400639 31.782184999999995, -106.446515 31.76792900000002, -106.441113 31.786562000000014)"
sugarLand,brazoria,"LINESTRING (-95.634985 29.619829000000006, -95.635113 29.603437000000017, -95.593576 29.587757999999987, -95.573748 29.574227000000022, -95.544842 29.540704000000012, -95.505942 29.530497000000008, -95.415344 29.487268999999994, -95.414895 29.465853999999986, -95.427666 29.440829000000008, -95.426241 29.300636999999995, -95.453733 29.247861999999994, -95.461209 29.247597000000013, -95.478107 29.19648599999999, -95.49952000000002 29.181846)"
collegeStation,waco,"LINESTRING (-96.30714 30.595494999999985, -96.289458 30.60302400000001, -96.290768 30.612029, -96.350967 30.689762999999996, -96.386054 30.719356000000023, -96.415087 30.720450000000014, -96.48182 30.76443399999999, -96.536891 30.83085299999999, -96.579828 30.860954999999993, -96.603193 30.900084999999997, -96.701282 31.00814799999999, -96.71452 31.126497000000008, -96.789895 31.22095799999999, -96.85507 31.252656999999974, -96.874091 31.277028000000012, -96.874672 31.311588999999977, -96.915302 31.407324000000003, -96.93122000000001 31.494183000000007, -96.95950900000001 31.517059999999997, -97.009515 31.524196000000007, -97.101192 31.560895999999996, -97.124412 31.530299999999976, -97.146778 31.549416999999995)"
tyler,centerville,"LINESTRING (-95.300641 32.35126300000002, -95.300685 32.332009000000006, -95.311283 32.332252, -95.373431 32.27192500000003, -95.45806 32.15426599999999, -95.479751 32.139195000000015, -95.506322 32.048495, -95.522484 32.028617, -95.547366 31.898312000000004, -95.579763 31.861242000000004, -95.623124 31.78143100000002, -95.65600800000001 31.771443000000016, -95.654697 31.745364, -95.713919 31.70797500000001, -95.763845 31.654687999999997, -95.80641800000001 31.64326700000001, -95.846569 31.586298, -95.94507000000002 31.540908, -96.076925 31.450075000000012, -96.02188500000001 31.379725999999998, -95.98926000000002 31.25823200000001, -95.97871 31.257822999999995)"
pearland,leagueCity,"LINESTRING (-95.286387 29.563976000000014, -95.280043 29.563293000000012, -95.243641 29.547884000000003, -95.232539 29.547645000000003, -95.210234 29.536766000000025, -95.191523 29.521380000000008, -95.188166 29.508698999999993, -95.18351600000001 29.503884999999997, -95.17834 29.495371999999993, -95.170514 29.491558999999985, -95.155646 29.489311999999988, -95.128577 29.499841000000004, -95.094971 29.507552000000025)"
centerville,waco,"LINESTRING (-95.97871 31.257822999999995, -95.987532 31.259841999999995, -95.987272 31.27261400000001, -95.998112 31.294890999999996, -96.020977 31.37847200000001, -96.047066 31.41880400000001, -96.08331500000001 31.459396999999992, -96.08511200000001 31.46810900000002, -96.145518 31.473877999999985, -96.159896 31.471133000000016, -96.21492 31.48125300000002, -96.22822 31.47647500000002, -96.321854 31.506905, -96.523411 31.515565999999986, -96.544023 31.52498300000002, -96.809694 31.552736999999997, -96.847587 31.536395000000006, -96.955653 31.51671900000001, -97.009515 31.524196000000007, -97.022455 31.533095000000003, -97.092327 31.554029999999997, -97.101192 31.560895999999996, -97.104925 31.547083000000015, -97.124412 31.530299999999976, -97.146778 31.549416999999995)"
pasadena,leagueCity,"LINESTRING (-95.209285 29.691066999999993, -95.209345 29.69282100000001, -95.2114 29.692655, -95.20911700000002 29.687969999999993, -95.208058 29.67543999999997, -95.207741 29.641842000000015, -95.208619 29.639067000000008, -95.211097 29.637032, -95.101861 29.520294, -95.10034 29.513251999999998, -95.094971 29.507552000000025)"
sanAngelo,midland,"LINESTRING (-100.440481 31.46492500000002, -100.477763 31.498084, -100.500426 31.548127, -100.570271 31.567525999999983, -100.654729 31.611842000000014, -100.713458 31.66779700000001, -100.761585 31.68487500000001, -100.840327 31.76287600000002, -100.923647 31.796192, -100.96764600000002 31.83556799999999, -101.01781400000002 31.840835999999996, -101.037132 31.855663999999983, -101.108077 31.857354000000022, -101.153422 31.847861000000027, -101.22109800000001 31.804547000000003, -101.30424 31.80650200000001, -101.376424 31.847532000000008, -101.473314 31.86542100000001, -101.62028400000001 31.863909000000007, -102.077819 31.98907300000002, -102.07795 31.997433999999988)"
channelview,houston,"LINESTRING (-95.114654 29.776139999999998, -95.114666 29.777071000000028, -95.12435 29.776978000000007, -95.12438 29.77849000000001, -95.154411 29.771205999999992, -95.18226100000001 29.770613000000004, -95.200157 29.77166900000001, -95.21879 29.770431000000006, -95.23615500000001 29.773855999999974, -95.251828 29.773822999999982, -95.278971 29.778109, -95.290356 29.778004, -95.30140500000002 29.774423000000006, -95.32271100000001 29.77420599999998, -95.336606 29.769155000000012, -95.350955 29.770165000000016, -95.35967200000002 29.767237999999995, -95.36539400000001 29.76940199999999, -95.367766 29.764969000000004, -95.372114 29.76194, -95.36786300000001 29.758731)"
sanAntonio,laredo,"LINESTRING (-98.495383 29.42453, -98.52975 29.35296200000001, -98.776381 29.24039599999999, -98.904399 29.122268999999992, -99.050041 29.027921999999997, -99.116069 28.895455999999992, -99.10698 28.86030000000002, -99.140039 28.746324000000012, -99.183586 28.675613999999996, -99.178932 28.64034100000001, -99.251072 28.440947000000023, -99.271388 28.310117000000012, -99.42205500000001 27.79069600000001, -99.485764 27.646133, -99.496852 27.523700999999985)"
fortWorth,dallas,"LINESTRING (-97.332623 32.752995999999996, -97.321564 32.75665899999999, -97.30856 32.74725200000001, -97.279451 32.75030300000001, -97.262865 32.757693, -97.238811 32.760539, -96.99160800000001 32.75839800000001, -96.886959 32.767683000000005, -96.860595 32.76690399999998, -96.846147 32.76378100000001, -96.813371 32.770955, -96.803682 32.768513999999996, -96.796262 32.772223, -96.79807399999999 32.772283000000016, -96.796749 32.77594500000001)"
sanAntonio,austin,"LINESTRING (-98.495383 29.42453, -98.486244 29.44009499999998, -98.444432 29.439438999999997, -98.414418 29.454692000000005, -98.38673 29.535438999999993, -98.143498 29.681935000000003, -98.095156 29.698795000000022, -98.020031 29.796559000000023, -97.905248 29.900548999999994, -97.879079 29.94978400000001, -97.87000500000002 29.996360000000006, -97.787973 30.163491, -97.73518700000001 30.243797000000008, -97.733509 30.267506000000004, -97.743783 30.27090799999999)"
theWoodlands,collegeStation,"LINESTRING (-95.504517 30.173647000000013, -95.487518 30.18480800000001, -95.493223 30.194393000000016, -95.544431 30.215759000000002, -95.56806200000001 30.216063000000002, -95.568192 30.22093500000001, -95.681664 30.223119000000015, -95.697216 30.229288000000004, -95.725909 30.222531999999983, -95.736879 30.231255000000015, -95.743654 30.247456999999997, -95.780197 30.251302999999993, -95.79709 30.274194999999985, -95.819936 30.292390999999988, -95.853413 30.299372999999992, -95.880605 30.298173000000013, -95.897429 30.30753999999999, -95.925527 30.30799400000001, -95.949082 30.326041999999987, -95.95251600000002 30.341249000000012, -95.964811 30.355222999999985, -95.995289 30.35314400000001, -96.0246 30.369485000000033, -96.066594 30.376244, -96.074529 30.401994999999978, -96.103862 30.41661500000002, -96.186816 30.496739999999996, -96.278766 30.576186999999994, -96.290243 30.592334000000005, -96.301052 30.600843999999995, -96.30714 30.595494999999985)"
killeen,waco,"LINESTRING (-97.727792 31.11722800000001, -97.68886600000002 31.095563999999978, -97.617174 31.079768000000026, -97.555058 31.055388000000004, -97.510689 31.055367000000015, -97.468322 31.04581500000001, -97.435662 31.060854999999986, -97.407167 31.08418400000001, -97.362988 31.098592999999994, -97.351779 31.121294999999993, -97.333521 31.129632999999966, -97.30054900000002 31.212804999999996, -97.22536 31.33234100000001, -97.205883 31.401243000000015, -97.129361 31.534766999999984, -97.146778 31.549416999999995)"
baytown,laPorte,"LINESTRING (-94.97759300000001 29.735551000000005, -94.978437 29.73491499999999, -94.978189 29.733648, -94.979079 29.732608999999993, -94.978397 29.726574, -94.979524 29.720211000000003, -94.985916 29.72159699999998, -94.992116 29.723902999999996, -94.994328 29.720580999999985, -95.000666 29.714121, -95.012107 29.70752400000001, -95.026718 29.695765999999992, -95.02954000000001 29.692493000000002, -95.030567 29.688834999999983, -95.029528 29.671637000000008, -95.02976400000001 29.665283999999996, -95.01933 29.665777)"
abilene,lubbock,"LINESTRING (-99.747886 32.446452, -99.849907 32.460359, -99.92747500000002 32.459459000000024, -100.00329100000002 32.476580999999996, -100.105447 32.485564, -100.12674 32.495975, -100.199743 32.48516099999999, -100.307714 32.49393500000001, -100.36326800000002 32.48299899999999, -100.392042 32.45221400000002, -100.412227 32.44769099999999, -100.465251 32.45370100000002, -100.509768 32.44640600000002, -100.610473 32.475314000000004, -100.720243 32.57483, -100.779109 32.65480399999998, -100.811665 32.678115999999996, -100.857317 32.689814999999996, -100.883773 32.720850999999996, -100.920761 32.74119999999999, -100.987028 32.83332900000002, -101.051519 32.88074399999999, -101.059091 32.917286, -101.10432 32.978364000000006, -101.162748 33.002931000000004, -101.247065 33.09265999999999, -101.36965500000001 33.177881000000006, -101.37601600000002 33.198090000000015, -101.4363 33.21978, -101.556444 33.35971000000001, -101.661989 33.431446, -101.668528 33.45926200000002, -101.776483 33.519079, -101.84444400000001 33.537725, -101.855367 33.563323, -101.879121 33.56352399999999)"
brownsville,laredo,"LINESTRING (-97.488956 25.91388400000002, -97.534532 26.03137200000001, -97.60253 26.10820000000001, -97.718341 26.188573999999992, -97.935287 26.15136700000002, -98.184133 26.207165000000003, -98.217581 26.187835999999994, -98.332285 26.201892, -98.364291 26.23204499999998, -98.481142 26.26659100000001, -98.529282 26.257347, -98.806007 26.378444000000005, -98.874531 26.372887, -98.941539 26.407194000000004, -99.01367700000002 26.403206000000004, -99.029888 26.45979700000001, -99.088431 26.526334000000013, -99.127786 26.791128999999984, -99.2522 26.864631999999993, -99.306194 26.943144000000007, -99.33995800000001 26.951432999999984, -99.436614 27.040242999999986, -99.422046 27.275337000000025, -99.480186 27.40691999999997, -99.46884700000001 27.502113000000005, -99.496852 27.523700999999985)"
odessa,lubbock,"LINESTRING (-102.367677 31.845700000000004, -102.30900300000002 31.874655, -102.317134 31.89574999999999, -102.251983 31.969483000000015, -102.25021600000001 32.022587000000016, -102.165169 32.08098600000001, -102.09632100000002 32.096509000000005, -102.172415 32.32927199999999, -102.035374 32.523873000000016, -101.959202 32.69058600000001, -101.926992 32.70726400000002, -101.95123100000002 32.750226, -101.806976 33.005694999999996, -101.806367 33.370125, -101.843992 33.456734000000004, -101.84437 33.56331799999999, -101.879121 33.56352399999999)"
abilene,wichitaFalls,"LINESTRING (-99.747886 32.446452, -99.784637 32.452901000000026, -99.75095 32.51819899999998, -99.81150000000001 32.592155, -99.896266 32.73654500000001, -99.896653 32.77596000000001, -99.868977 32.81282299999999, -99.868303 32.865531999999995, -99.81415 32.94143, -99.769921 33.036711999999994, -99.750094 33.117236000000005, -99.72885 33.14298599999997, -99.72576 33.18350900000001, -99.679642 33.29899699999999, -99.678679 33.32381199999998, -99.619262 33.447316, -99.522159 33.464275, -99.28995 33.561068, -99.280158 33.57813899999999, -99.243924 33.584132000000004, -99.24013200000002 33.618619000000024, -99.146472 33.668219, -99.081083 33.685922000000005, -98.981173 33.691824999999994, -98.916394 33.73288500000002, -98.71659 33.808193999999986, -98.646802 33.854835000000016, -98.542934 33.87998600000003, -98.501791 33.90045600000001)"
leagueCity,brazoria,"LINESTRING (-95.094971 29.507552000000025, -95.128577 29.499841000000004, -95.157473 29.489077999999996, -95.177498 29.494626999999998, -95.188461 29.509217999999997, -95.202127 29.499446999999986, -95.218368 29.482954, -95.22205 29.472070000000002, -95.238855 29.447553000000006, -95.227576 29.431140000000006, -95.228684 29.418333999999998, -95.233969 29.407562, -95.247428 29.398566000000002, -95.291553 29.324467000000013, -95.343273 29.268461000000002, -95.394539 29.203426000000015, -95.401383 29.205090000000002, -95.430868 29.20418600000001, -95.442432 29.19731399999999, -95.461733 29.19729400000001, -95.471238 29.18991100000001, -95.484721 29.190482, -95.49952000000002 29.181846)"
freeport,chocolateBay,"LINESTRING (-95.359698 28.954036, -95.363923 28.94239500000002, -95.388521 28.94949, -95.409685 28.966624999999993, -95.44714300000001 28.969749000000004, -95.488132 28.984420999999987, -95.517803 28.986410000000014, -95.566713 29.033439000000012, -95.577217 29.060683999999988, -95.62835 29.09291099999998, -95.653231 29.138068000000015, -95.670936 29.12438200000002, -95.680714 29.105355999999993, -95.691561 29.097704000000007, -95.733099 29.084768000000008, -95.758814 29.082065, -95.77231 29.073010999999997, -95.83906 29.063809000000003, -95.90455 29.004255, -95.93995400000001 28.983066999999973, -96.013375 28.984690000000004, -96.147296 28.896980999999993, -96.190582 28.883426999999998, -96.208718 28.872032000000004, -96.252222 28.868349000000016, -96.284981 28.818776000000014, -96.345469 28.76238700000001, -96.366402 28.726858999999997, -96.392446 28.739689000000006, -96.44014 28.731337999999987, -96.574753 28.667110000000015, -96.621552 28.632467000000005, -96.626496 28.620808999999998, -96.621827 28.613985000000007, -96.63145599999999 28.606554000000006, -96.622571 28.595344000000004, -96.621653 28.584268999999978)"
freeport,pearland,"LINESTRING (-95.359698 28.954036, -95.373713 28.95795400000001, -95.37076000000002 28.97083600000001, -95.386073 29.000936999999993, -95.403064 29.00955700000002, -95.429343 29.013793999999997, -95.45381900000001 29.040565, -95.453143 29.25267599999999, -95.425368 29.30213099999998, -95.426901 29.443582999999983, -95.389269 29.499111000000006, -95.387004 29.555663000000013, -95.299547 29.559687999999987, -95.286387 29.563976000000014)"
abilene,midland,"LINESTRING (-99.747886 32.446452, -99.849907 32.460359, -99.92747500000002 32.459459000000024, -100.00329100000002 32.476580999999996, -100.105447 32.485564, -100.126062 32.49594000000002, -100.200349 32.485154999999985, -100.269097 32.49643500000001, -100.362771 32.48319299999998, -100.39483 32.45091900000001, -100.466765 32.453573, -100.68093100000002 32.406999, -100.716886 32.415395000000004, -100.818274 32.397337000000014, -100.853093 32.412481000000014, -100.871804 32.40990900000001, -100.90633900000002 32.393287, -100.960137 32.386183999999986, -101.011655 32.35401200000002, -101.200598 32.32524299999999, -101.223635 32.307688999999996, -101.385212 32.26909400000002, -101.502979 32.26082900000001, -101.527528 32.232788, -101.572748 32.222052, -101.645509 32.18164, -101.759418 32.14067000000001, -101.80847 32.13768500000001, -101.832373 32.113915999999996, -102.07795 31.997433999999988)"
deerPark,leagueCity,"LINESTRING (-95.123815 29.705227999999977, -95.123964 29.71171599999998, -95.153786 29.712390000000028, -95.157938 29.643718999999994, -95.173786 29.627585, -95.204686 29.606041000000015, -95.127356 29.524908000000007, -95.114436 29.503014, -95.094971 29.507552000000025)"
odessa,midland,"LINESTRING (-102.367677 31.845700000000004, -102.35519500000001 31.827763, -102.343584 31.830987000000015, -102.306591 31.863555, -102.26455700000001 31.88600399999997, -102.119642 31.960849999999986, -102.073768 31.971725999999997, -102.07765100000002 31.98404999999997, -102.07795 31.997433999999988)"
pearland,brazoria,"LINESTRING (-95.286387 29.563976000000014, -95.299618 29.55978599999999, -95.362488 29.558902999999994, -95.369424 29.556362999999994, -95.388333 29.555996000000018, -95.386913 29.52043699999998, -95.389243 29.501962, -95.39298 29.49307800000001, -95.423304 29.454542000000007, -95.427344 29.443848999999997, -95.426414 29.300022999999978, -95.452037 29.258131000000013, -95.453733 29.247861999999994, -95.461209 29.247597000000013, -95.478455 29.195922999999997, -95.49952000000002 29.181846)"
midland,lubbock,"LINESTRING (-102.07795 31.997433999999988, -102.172537 32.32883999999998, -102.035374 32.523873000000016, -101.959202 32.69058600000001, -101.926992 32.70726400000002, -101.951296 32.750062000000035, -101.806676 33.007163000000006, -101.806367 33.370125, -101.843992 33.456734000000004, -101.84437 33.56331799999999, -101.879121 33.56352399999999)"
abilene,amarillo,"LINESTRING (-99.747886 32.446452, -100.12674 32.495975, -100.307714 32.49393500000001, -100.36326800000002 32.48299899999999, -100.412227 32.44769099999999, -100.509768 32.44640600000002, -100.610473 32.475314000000004, -100.779109 32.65480399999998, -100.920761 32.74119999999999, -100.987028 32.83332900000002, -101.051519 32.88074399999999, -101.10432 32.978364000000006, -101.162748 33.002931000000004, -101.37601600000002 33.198090000000015, -101.4363 33.21978, -101.556444 33.35971000000001, -101.661989 33.431446, -101.668528 33.45926200000002, -101.843801 33.538247000000005, -101.85338900000002 34.04647700000002, -101.749942 34.12942100000001, -101.74938600000002 34.19680300000001, -101.70835900000002 34.23809600000002, -101.776408 34.383464000000004, -101.793432 34.57990399999998, -101.847196 34.72132899999998, -101.848739 34.943046999999986, -101.918662 35.02407699999999, -101.908786 35.11801299999997, -101.841333 35.178277, -101.833821 35.20723400000001)"
odessa,amarillo,"LINESTRING (-102.367677 31.845700000000004, -102.30900300000002 31.874655, -102.25021600000001 32.022587000000016, -102.09632100000002 32.096509000000005, -102.172415 32.32927199999999, -101.926992 32.70726400000002, -101.951296 32.750062000000035, -101.806676 33.007163000000006, -101.85357300000001 34.045085, -101.749942 34.12942100000001, -101.70835900000002 34.23809600000002, -101.847196 34.72132899999998, -101.848739 34.943046999999986, -101.918662 35.02407699999999, -101.908786 35.11801299999997, -101.833821 35.20723400000001)"
midland,amarillo,"LINESTRING (-102.07795 31.997433999999988, -102.17271 32.32796400000003, -101.926992 32.70726400000002, -101.95123100000002 32.750226, -101.806794 33.006434, -101.85357300000001 34.045085, -101.749942 34.12942100000001, -101.708384 34.237081, -101.847196 34.72132899999998, -101.848739 34.943046999999986, -101.918662 35.02407699999999, -101.908786 35.11801299999997, -101.833821 35.20723400000001)"
waco,austin,"LINESTRING (-97.146778 31.549416999999995, -97.132817 31.527369999999994, -97.205309 31.402871000000008, -97.223755 31.33611999999999, -97.301141 31.212047999999985, -97.333671 31.129761000000013, -97.35179 31.12168499999999, -97.364852 31.097706, -97.407361 31.084277000000004, -97.466648 31.04660099999997, -97.499902 30.990391999999996, -97.535993 30.955448000000004, -97.546075 30.919342000000004, -97.577703 30.881872000000012, -97.611484 30.814585999999995, -97.659716 30.68227100000001, -97.69181800000001 30.63196600000001, -97.691971 30.533729000000008, -97.666321 30.45461, -97.673867 30.382760999999995, -97.734343 30.267744999999994, -97.743783 30.27090799999999)"
sanAntonio,corpusChristi,"LINESTRING (-98.495383 29.42453, -98.395237 29.298800999999983, -98.428266 29.16965, -98.434549 28.91131800000004, -98.300396 28.76372399999998, -98.185859 28.524966, -98.119151 28.470275, -98.026596 28.337262000000003, -97.922358 28.255798999999975, -97.808007 28.087923000000007, -97.674725 27.977832000000003, -97.621657 27.86343700000003, -97.453316 27.803434999999986, -97.403232 27.7634)"
baytown,deerPark,"LINESTRING (-94.97759300000001 29.735551000000005, -94.978437 29.73491499999999, -94.978189 29.733648, -94.979079 29.732608999999993, -94.978397 29.726574, -94.979524 29.720211000000003, -94.985916 29.72159699999998, -94.992116 29.723902999999996, -94.994328 29.720580999999985, -95.000666 29.714121, -95.013978 29.70607800000001, -95.026718 29.695765999999992, -95.029169 29.693067999999997, -95.031322 29.689281999999995, -95.03303099999998 29.688417000000005, -95.036619 29.688070000000014, -95.04058700000002 29.688584000000002, -95.114091 29.71115599999998, -95.124091 29.71171899999998, -95.123815 29.705227999999977)"
brownsville,mcallen,"LINESTRING (-97.488956 25.91388400000002, -97.491375 25.928611, -97.503817 25.94335700000001, -97.529473 26.003027999999997, -97.534532 26.03137200000001, -97.563704 26.05807899999999, -97.60253 26.10820000000001, -97.629983 26.121926, -97.717925 26.188427999999995, -97.77545 26.186896999999988, -97.818216 26.165970000000005, -97.904587 26.158804000000007, -97.935287 26.15136700000002, -97.980402 26.172548000000006, -98.014823 26.172916999999988, -98.14336300000001 26.194299000000015, -98.162518 26.204068000000007, -98.184133 26.207165000000003, -98.193466 26.206632000000006, -98.204107 26.198585000000012, -98.230081 26.204024999999994)"
baytown,channelview,"LINESTRING (-94.97759300000001 29.735551000000005, -94.977936 29.736755999999993, -94.984218 29.74382500000001, -94.990949 29.753584999999983, -95.003088 29.76045000000001, -95.021393 29.77838, -95.044395 29.788268999999993, -95.050017 29.791336, -95.056858 29.790850999999986, -95.066918 29.795087999999996, -95.072069 29.795104999999985, -95.081758 29.791719999999998, -95.094457 29.789424000000018, -95.106624 29.78542100000002, -95.10660900000002 29.783041999999973, -95.10539 29.781371999999998, -95.114654 29.776139999999998)"
brownsville,corpusChristi,"LINESTRING (-97.488956 25.91388400000002, -97.534191 26.03089699999999, -97.60253 26.10820000000001, -97.71460200000001 26.182397000000005, -97.722232 26.238383000000013, -97.780662 26.32132, -97.766479 26.604908000000005, -97.79514300000001 26.980133000000002, -97.788699 27.22447600000001, -97.85839500000002 27.447911, -97.839583 27.53181299999997, -97.782595 27.59275599999999, -97.72166500000002 27.575877999999978, -97.453901 27.586529, -97.454692 27.688672000000008, -97.41676 27.768606999999996, -97.403232 27.7634)"
vanHorn,midland,"LINESTRING (-104.83158700000001 31.042975000000006, -104.830842 31.036415999999992, -104.739074 31.042577999999992, -104.41399 31.073449000000032, -104.158797 31.06048, -104.10063500000001 31.084032000000008, -104.060173 31.085098000000006, -104.024878 31.130788999999986, -103.990444 31.148523999999995, -103.854142 31.26924600000001, -103.741872 31.33957900000002, -103.55618000000001 31.406314000000023, -103.4978 31.395752999999996, -103.39817100000002 31.419483999999994, -103.331085 31.474121, -102.944796 31.575132000000004, -102.87652 31.579249999999988, -102.84411 31.607069999999993, -102.79922400000001 31.620162000000004, -102.609902 31.730676999999996, -102.514231 31.768555, -102.425407 31.81680499999999, -102.401617 31.814164, -102.343584 31.830987000000015, -102.26455700000001 31.88600399999997, -102.119642 31.960849999999986, -102.073768 31.971725999999997, -102.07795 31.997433999999988)"
channelview,pasadena,"LINESTRING (-95.114654 29.776139999999998, -95.113913 29.776148000000003, -95.114666 29.777071000000028, -95.12435 29.776978000000007, -95.12438 29.77849000000001, -95.154953 29.77116899999999, -95.18226100000001 29.770613000000004, -95.203947 29.771794999999997, -95.21386 29.77099000000001, -95.212142 29.733754999999995, -95.212661 29.73273800000001, -95.211912 29.73121399999998, -95.211776 29.719384000000023, -95.212445 29.718159, -95.211715 29.717117000000002, -95.211397 29.69140600000001, -95.211269 29.690797999999987, -95.209285 29.691066999999993)"
abilene,sonora,"LINESTRING (-99.747886 32.446452, -99.89039100000001 32.338912999999984, -99.922729 32.28573600000002, -100.04805 32.22053499999999, -100.126983 32.097184, -100.20827 32.07057199999999, -100.278695 32.012883, -100.285593 31.738744999999984, -100.368484 31.575791000000013, -100.372146 31.499638999999984, -100.38945799999999 31.479047000000023, -100.447378 31.467491999999982, -100.433853 31.355631999999996, -100.511358 31.17237100000003, -100.512612 31.05861399999999, -100.573732 30.986089, -100.585321 30.879994000000014, -100.621622 30.837495000000008, -100.643031 30.566986000000018)"
pearland,houston,"LINESTRING (-95.286387 29.563976000000014, -95.285541 29.630866000000022, -95.288852 29.638611999999984, -95.292007 29.69948700000003, -95.37300799999998 29.750573000000013, -95.374602 29.757612000000005, -95.372097 29.763598, -95.367184 29.760537999999997, -95.36786300000001 29.758731)"
odessa,sonora,"LINESTRING (-102.367677 31.845700000000004, -102.354867 31.826282000000003, -102.370902 31.782782000000008, -102.32885 31.64734500000001, -102.328229 31.599392999999992, -102.361288 31.487126999999994, -102.362386 31.43560599999999, -102.348278 31.390748999999996, -102.352184 31.299023999999996, -102.308916 31.196500000000015, -102.228813 31.144605000000013, -102.111338 30.965896, -102.070268 30.940140999999986, -102.041913 30.905338000000004, -102.09521000000001 30.867766000000017, -102.008689 30.82536999999997, -101.939619 30.766834999999986, -101.841836 30.739045999999984, -101.797363 30.714256000000002, -101.693813 30.747282000000006, -101.541074 30.72590299999999, -101.508971 30.703447000000015, -101.326833 30.67719300000002, -101.160515 30.710189000000014, -100.951448 30.66155200000001, -100.83489400000002 30.620473999999994, -100.748135 30.61622, -100.66829 30.587641000000005, -100.643031 30.566986000000018)"
sanJacinto,centerville,"LINESTRING (-95.19257100000002 30.509218000000004, -95.19803300000001 30.51350800000002, -95.204414 30.511037, -95.20628 30.52252199999998, -95.217979 30.525238, -95.235021 30.54266300000001, -95.238821 30.561128000000014, -95.297328 30.543037, -95.333552 30.524107999999995, -95.386013 30.523048000000003, -95.456085 30.535493000000017, -95.468914 30.53151699999999, -95.495577 30.546271, -95.502147 30.566349, -95.510521 30.65866500000001, -95.51992 30.676047000000004, -95.55167 30.693232999999996, -95.583556 30.732905999999993, -95.676492 30.794043999999978, -95.716874 30.835551000000013, -95.748693 30.85941000000001, -95.78944099999998 30.909072, -95.877528 30.960283999999998, -95.943193 31.041981999999997, -95.975773 31.12320500000002, -95.996644 31.210053999999978, -95.987848 31.256020999999983, -95.97871 31.257822999999995)"
pasadena,houston,"LINESTRING (-95.209285 29.691066999999993, -95.20955500000001 29.711506999999994, -95.217043 29.711093000000012, -95.22419100000002 29.709518, -95.228816 29.707505000000022, -95.244866 29.706032, -95.267123 29.70938100000001, -95.27083 29.707731000000027, -95.28359800000001 29.699043999999983, -95.287463 29.698090999999994, -95.28937 29.698339999999998, -95.315831 29.71558599999998, -95.326581 29.721607999999986, -95.340171 29.730296000000003, -95.345823 29.734689, -95.358333 29.742687000000004, -95.365274 29.74592900000001, -95.37300799999998 29.750573000000013, -95.374511 29.75288, -95.374602 29.757612000000005, -95.372097 29.763598, -95.37062 29.76345699999998, -95.367184 29.760537999999997, -95.36838300000001 29.759043999999985, -95.36786300000001 29.758731)"
pasadena,pearland,"LINESTRING (-95.209285 29.691066999999993, -95.209345 29.69282100000001, -95.2114 29.692655, -95.20911700000002 29.687969999999993, -95.208049 29.675289999999993, -95.207741 29.641842000000015, -95.209294 29.63827500000001, -95.225227 29.62786900000001, -95.285485 29.625500000000006, -95.286387 29.563976000000014)"
pasadena,sugarLand,"LINESTRING (-95.209285 29.691066999999993, -95.20955500000001 29.711506999999994, -95.244866 29.706032, -95.267123 29.70938100000001, -95.285283 29.698366000000007, -95.295842 29.695490000000007, -95.31487800000001 29.69679500000001, -95.356207 29.68083900000002, -95.427474 29.678041000000015, -95.44374 29.65476800000001, -95.546545 29.615880000000008, -95.557495 29.616202000000015, -95.588265 29.628624000000013, -95.634985 29.619829000000006)"
odessa,vanHorn,"LINESTRING (-102.367677 31.845700000000004, -102.514364 31.768726000000004, -102.610352 31.73067999999999, -102.799636 31.620192999999993, -102.84427400000001 31.607199999999995, -102.87694200000001 31.579295999999992, -102.944747 31.57533800000002, -103.327759 31.475238, -103.398096 31.419713999999992, -103.49842000000001 31.39589000000001, -103.556289 31.406481000000003, -103.741816 31.339833000000024, -103.854305 31.269381000000017, -104.070459 31.083911000000008, -104.100514 31.084426000000008, -104.159029 31.060793999999998, -104.41374499999999 31.073787000000006, -104.739504 31.042879, -104.83158700000001 31.042975000000006)"
sanAntonio,houston,"LINESTRING (-98.495383 29.42453, -98.436908 29.420139000000006, -98.256476 29.476624, -98.04545 29.549166000000003, -97.970723 29.59859399999999, -97.804345 29.615169000000016, -97.67187 29.651566999999993, -97.486959 29.649282000000017, -97.138311 29.696371000000024, -96.542717 29.691809999999997, -96.111293 29.776065999999997, -95.46257 29.783930000000016, -95.37459099999998 29.778652000000005, -95.36786300000001 29.758731)"
laPorte,channelview,"LINESTRING (-95.01933 29.665777, -95.028802 29.665367999999987, -95.029976 29.69081199999999, -95.027182 29.695036999999992, -95.012536 29.70691300000001, -94.998487 29.71546999999998, -94.992511 29.721979000000008, -94.991435 29.72664999999999, -94.9944 29.73448400000001, -94.986006 29.746167999999976, -94.988119 29.750214, -94.992029 29.754256000000005, -95.003088 29.76045000000001, -95.022257 29.778921000000015, -95.050017 29.791336, -95.056858 29.790850999999986, -95.067294 29.795181000000014, -95.072069 29.795104999999985, -95.106624 29.78542100000002, -95.10539 29.781371999999998, -95.114654 29.776139999999998)"
mcallen,laredo,"LINESTRING (-98.230081 26.204024999999994, -98.232327 26.189916000000018, -98.333744 26.20222300000001, -98.364291 26.23204499999998, -98.423802 26.24048, -98.428847 26.254678000000013, -98.481142 26.26659100000001, -98.529282 26.257347, -98.754624 26.346753000000014, -98.806007 26.378444000000005, -98.874531 26.372887, -98.941539 26.407194000000004, -99.013837 26.403356999999986, -99.029888 26.45979700000001, -99.088431 26.526334000000013, -99.087813 26.612566000000005, -99.127786 26.791128999999984, -99.186227 26.83973599999999, -99.2522 26.864631999999993, -99.265848 26.900018999999986, -99.306194 26.943144000000007, -99.33995800000001 26.951432999999984, -99.387778 27.01015200000002, -99.436614 27.040242999999986, -99.42384 27.10504200000002, -99.422046 27.275337000000025, -99.480186 27.40691999999997, -99.46884700000001 27.502113000000005, -99.474189 27.516772, -99.496852 27.523700999999985)"
pearland,texasCity,"LINESTRING (-95.286387 29.563976000000014, -95.286167 29.599637999999985, -95.216599 29.600875999999992, -95.204669 29.604573999999992, -95.181046 29.583375999999983, -95.127356 29.524908000000007, -95.094771 29.470788, -95.06941 29.43947300000001, -95.038802 29.40713800000001, -95.006279 29.39788400000002, -94.931732 29.395207000000003, -94.917387 29.39322700000001, -94.91739 29.390298999999985)"
sanJacinto,montBelvieu,"LINESTRING (-95.19257100000002 30.509218000000004, -95.189517 30.494348999999982, -95.183374 30.490217000000012, -95.194684 30.483160000000026, -95.172211 30.444982999999997, -95.138465 30.422858000000005, -95.116388 30.425356000000004, -95.085535 30.350577000000012, -95.0899 30.34307299999999, -95.069158 30.340159, -95.03962400000002 30.319777999999992, -94.997706 30.31957000000002, -94.978786 30.294088, -94.96212400000002 30.221419000000008, -94.928382 30.152101000000002, -94.92495400000001 30.11302300000003, -94.906908 30.069375000000022, -94.890008 30.044009999999975, -94.940358 30.00716599999997, -94.931132 30.002409999999998, -94.927557 29.990383999999995, -94.933353 29.973066000000006, -94.928623 29.912542999999996, -94.908953 29.892391, -94.90532 29.874595000000006, -94.893058 29.86865100000001, -94.895777 29.850446999999992, -94.890783 29.847937999999996)"
sugarLand,houston,"LINESTRING (-95.634985 29.619829000000006, -95.603028 29.626206000000018, -95.602905 29.62326899999999, -95.60124600000002 29.62119800000002, -95.53553 29.681665999999996, -95.52741 29.691582999999998, -95.4897 29.72472799999999, -95.468163 29.72603100000002, -95.455733 29.729903000000014, -95.440329 29.728742999999998, -95.388036 29.732038999999993, -95.382511 29.737897999999984, -95.381626 29.740674999999978, -95.366923 29.759265000000006, -95.367789 29.759791000000007, -95.36786300000001 29.758731)"
sonora,midland,"LINESTRING (-100.643031 30.566986000000018, -100.657449 30.583683000000015, -100.748472 30.616618999999986, -100.835021 30.62081599999999, -100.952245 30.662075000000005, -101.125311 30.702953000000008, -101.1637 30.710718000000007, -101.2015 30.706206000000027, -101.195155 30.749634000000025, -101.26797 30.785515, -101.414419 30.908833, -101.4607 30.917167000000003, -101.467378 31.191704, -101.661466 31.231589000000003, -101.898684 31.237400999999995, -101.933158 31.22612900000001, -101.944415 31.248406000000003, -101.936096 31.48565700000002, -102.025909 31.76339400000001, -102.02809100000002 31.825804000000016, -102.07795 31.997433999999988)"
chocolateBay,brazoria,"LINESTRING (-96.621653 28.584268999999978, -96.622571 28.595344000000004, -96.63145599999999 28.606554000000006, -96.621827 28.613985000000007, -96.626496 28.620808999999998, -96.621552 28.632467000000005, -96.575528 28.666472000000006, -96.44014 28.731337999999987, -96.392446 28.739689000000006, -96.366402 28.726858999999997, -96.345469 28.76238700000001, -96.284981 28.818776000000014, -96.252222 28.868349000000016, -96.209244 28.870884999999994, -96.19202 28.882741999999993, -96.147296 28.896980999999993, -96.013172 28.984431999999998, -95.93995400000001 28.983066999999973, -95.90455 29.004255, -95.839153 29.063413999999995, -95.772458 29.072679999999984, -95.758912 29.081751000000008, -95.733007 29.084525000000003, -95.691344 29.09747700000001, -95.647997 29.144587999999988, -95.610247 29.14563400000001, -95.59448800000001 29.139953999999996, -95.508649 29.149605, -95.508003 29.168541000000012, -95.49952000000002 29.181846)"
pasadena,theWoodlands,"LINESTRING (-95.209285 29.691066999999993, -95.20955500000001 29.711506999999994, -95.244866 29.706032, -95.265623 29.710506999999993, -95.263298 29.77993600000003, -95.270497 29.79627200000001, -95.28267 29.804166999999993, -95.30630000000001 29.809526000000005, -95.338161 29.808826999999976, -95.355154 29.81939699999999, -95.384067 29.95013100000001, -95.380129 29.967394, -95.39152399999999 29.975242, -95.404219 30.012301999999984, -95.407784 30.041076000000018, -95.403614 30.052962000000022, -95.414712 30.094680000000004, -95.43487 30.106296000000007, -95.449302 30.156260000000007, -95.48605500000001 30.155013999999998, -95.503005 30.16438599999999, -95.504517 30.173647000000013)"
abilene,killeen,"LINESTRING (-99.747886 32.446452, -99.758495 32.400752000000004, -99.742324 32.38262600000001, -99.742477 32.34496599999998, -99.758118 32.30616000000003, -99.759514 32.228794, -99.743068 32.13503299999999, -99.65231 32.020347000000015, -99.589009 31.996081000000014, -99.534404 31.951784000000004, -99.481702 31.891284000000013, -99.446501 31.861069000000008, -99.426703 31.85615299999998, -99.41279 31.82417, -99.357748 31.777393000000004, -99.337063 31.74463899999999, -99.13438 31.716698999999995, -99.01723700000001 31.720761000000007, -98.945555 31.742255999999987, -98.802561 31.684009999999994, -98.703109 31.61077399999999, -98.664454 31.559492000000002, -98.585237 31.512869999999992, -98.569401 31.47772600000002, -98.57433400000001 31.462620000000005, -98.558861 31.40156299999999, -98.51131 31.359768000000006, -98.486079 31.316121999999996, -98.381023 31.194023999999988, -98.312563 31.139823999999976, -98.188152 31.08395299999999, -98.182045 31.063758, -98.099342 31.05074, -98.06879 31.055981000000006, -98.035924 31.07742799999999, -97.900358 31.09617500000001, -97.858394 31.120270000000005, -97.727792 31.11722800000001)"
baytown,montBelvieu,"LINESTRING (-94.97759300000001 29.735551000000005, -94.981158 29.740438999999995, -94.977134 29.745383999999998, -94.977096 29.749644999999997, -94.958727 29.751055, -94.942576 29.755219, -94.929791 29.757050000000003, -94.924828 29.76000100000001, -94.921591 29.765389999999996, -94.914898 29.772182999999988, -94.91052700000002 29.790272000000012, -94.904625 29.800626999999995, -94.89492 29.836193999999995, -94.895436 29.847546999999995, -94.890783 29.847937999999996)"
sanJacinto,houston,"LINESTRING (-95.19257100000002 30.509218000000004, -95.189517 30.494348999999982, -95.183374 30.490217000000012, -95.194684 30.483160000000026, -95.185225 30.46437600000001, -95.172211 30.444982999999997, -95.151493 30.428628999999994, -95.137882 30.422733999999995, -95.116388 30.425356000000004, -95.090187 30.353064999999997, -95.112494 30.303235000000022, -95.160668 30.240786000000007, -95.226004 30.13926700000001, -95.258772 30.027045000000005, -95.312401 29.901154999999992, -95.333031 29.864986999999985, -95.340807 29.771427000000006, -95.365633 29.769329000000006, -95.372114 29.76194, -95.36786300000001 29.758731)"
portArthur,beaumont,"LINESTRING (-93.928811 29.89881999999999, -94.006348 29.954628, -94.017496 29.96464200000001, -94.027805 29.978475000000007, -94.047432 30.014525999999993, -94.054259 30.024409, -94.056896 30.031819, -94.062774 30.033775000000006, -94.102128 30.074981999999984, -94.096136 30.079645000000014, -94.096423 30.08143799999999, -94.101849 30.08615000000001)"
deerPark,houston,"LINESTRING (-95.123815 29.705227999999977, -95.123964 29.71171599999998, -95.19093 29.713045000000008, -95.22215 29.710017, -95.228816 29.707505000000022, -95.244186 29.706064000000005, -95.267123 29.70938100000001, -95.283169 29.699259, -95.288646 29.698132000000008, -95.358333 29.742687000000004, -95.37300799999998 29.750573000000013, -95.374511 29.75288, -95.374602 29.757612000000005, -95.372097 29.763598, -95.367184 29.760537999999997, -95.36786300000001 29.758731)"
collegeStation,killeen,"LINESTRING (-96.30714 30.595494999999985, -96.289458 30.60302400000001, -96.290768 30.612029, -96.350967 30.689762999999996, -96.386054 30.719356000000023, -96.415087 30.720450000000014, -96.48182 30.76443399999999, -96.536891 30.83085299999999, -96.579828 30.860954999999993, -96.677558 30.982477999999997, -96.761018 30.979706000000007, -96.799321 30.960574999999984, -96.855187 30.959441000000023, -96.872922 30.951301999999984, -96.889293 30.903712999999986, -96.92974400000001 30.915364, -96.949557 30.909782000000007, -97.087352 30.953245999999993, -97.121918 31.03279099999999, -97.360316 31.103213000000007, -97.468794 31.046421999999996, -97.554945 31.055651, -97.68886600000002 31.095563999999978, -97.727792 31.11722800000001)"
waco,dallas,"LINESTRING (-97.146778 31.549416999999995, -97.10913 31.58478699999999, -97.095472 31.629061999999973, -97.102669 31.791805, -97.081265 31.877232999999997, -97.11901 31.968845, -97.095697 32.004152, -97.091649 32.056627000000006, -96.93771200000002 32.144776000000014, -96.910499 32.174321, -96.876698 32.242174000000006, -96.85443 32.34845900000001, -96.87220700000002 32.412110999999975, -96.822087 32.500985, -96.829749 32.71219699999999, -96.796749 32.77594500000001)"
sanAngelo,sonora,"LINESTRING (-100.440481 31.46492500000002, -100.433681 31.356576000000008, -100.511358 31.17237100000003, -100.51231200000001 31.059469999999997, -100.573732 30.986089, -100.585321 30.879994000000014, -100.621622 30.837495000000008, -100.62165 30.754047000000025, -100.646863 30.671543000000007, -100.63636 30.61525399999999, -100.65198 30.57520300000002, -100.643031 30.566986000000018)"
fortWorth,waco,"LINESTRING (-97.332623 32.752995999999996, -97.319852 32.750740999999984, -97.318698 32.55124600000002, -97.301309 32.511133, -97.208734 32.389027000000006, -97.093481 32.05563200000002, -97.09593600000001 32.00421000000003, -97.119466 31.967473000000016, -97.081434 31.877401000000006, -97.102822 31.792003, -97.095702 31.62856000000001, -97.11042 31.584387, -97.146778 31.549416999999995)"
portArthur,montBelvieu,"LINESTRING (-93.928811 29.89881999999999, -93.95559 29.920414999999995, -93.988061 29.884590000000014, -94.040047 29.888922999999984, -94.085063 29.859449000000023, -94.239331 29.82621500000001, -94.440329 29.827144000000008, -94.680179 29.840749, -94.75642000000002 29.838749999999994, -94.803409 29.830433000000017, -94.820686 29.865682, -94.841961 29.868032999999976, -94.890783 29.847937999999996)"
texarkana,dallas,"LINESTRING (-94.077288 33.446834999999986, -94.087418 33.439834000000005, -94.099677 33.452475000000014, -94.26712400000001 33.476600999999995, -94.337157 33.468392000000016, -94.444714 33.47596199999999, -94.52475 33.44033699999999, -94.713201 33.299201999999994, -94.785991 33.28742899999999, -94.88162800000002 33.23204100000002, -94.916209 33.19993600000001, -95.03651 33.158505999999974, -95.390597 33.16626699999997, -95.451789 33.147747999999986, -95.561362 33.144774000000005, -95.595235 33.116429, -95.721293 33.11957700000003, -95.787835 33.13159700000003, -96.072877 33.13579, -96.200666 33.021938, -96.25943600000001 32.98744700000003, -96.330294 32.970158999999974, -96.386615 32.92967600000001, -96.44540899999998 32.91303400000002, -96.67709 32.799641000000015, -96.759976 32.790787, -96.796749 32.77594500000001)"
mcallen,corpusChristi,"LINESTRING (-98.230081 26.204024999999994, -98.22760300000002 26.217817999999994, -98.180803 26.211675000000003, -98.15070800000001 26.277229999999996, -98.10941 26.641547999999997, -98.09845800000001 26.77114300000001, -98.135597 26.870748000000006, -98.150291 27.15728899999998, -98.069984 27.749487999999992, -98.021405 27.780555999999986, -97.933624 27.776908000000013, -97.766492 27.811233999999992, -97.631068 27.782878999999994, -97.44027 27.786035000000005, -97.403232 27.7634)"
deerPark,sanJacinto,"LINESTRING (-95.123815 29.705227999999977, -95.123964 29.71171599999998, -95.152954 29.712649000000013, -95.146206 29.76038500000002, -95.20251299999998 29.889436000000014, -95.201153 29.92761700000001, -95.293969 29.942107000000007, -95.225816 30.139103000000016, -95.111687 30.304165000000022, -95.089401 30.352276000000007, -95.116388 30.425356000000004, -95.151493 30.428628999999994, -95.185225 30.46437600000001, -95.19257100000002 30.509218000000004)"
laPorte,montBelvieu,"LINESTRING (-95.01933 29.665777, -95.028802 29.665367999999987, -95.029732 29.691464000000018, -95.027182 29.695036999999992, -95.012536 29.70691300000001, -94.99967 29.714554000000007, -94.992971 29.721375999999978, -94.991303 29.725768999999996, -94.9944 29.73448400000001, -94.985675 29.747217000000003, -94.980737 29.749738000000026, -94.963378 29.750359000000003, -94.929791 29.757050000000003, -94.924828 29.76000100000001, -94.921591 29.765389999999996, -94.914898 29.772182999999988, -94.91052700000002 29.790272000000012, -94.904625 29.800626999999995, -94.89492 29.836193999999995, -94.895436 29.847546999999995, -94.890783 29.847937999999996)"
channelview,deerPark,"LINESTRING (-95.114654 29.776139999999998, -95.113913 29.776148000000003, -95.114666 29.777071000000028, -95.12435 29.776978000000007, -95.12438 29.77849000000001, -95.149442 29.772369, -95.151037 29.77151800000001, -95.151763 29.770079, -95.151248 29.768266000000015, -95.14815099999998 29.764667, -95.146479 29.760318999999996, -95.14575500000001 29.739862999999993, -95.147905 29.721787000000006, -95.148792 29.719996999999992, -95.153406 29.714807999999994, -95.153795 29.711620999999987, -95.12408 29.711127000000005, -95.123815 29.705227999999977)"
